year,cash_from_operating_activity,cash_from_investing_activity,cash_from_financing_activity,net_cash_flow,symbol
Mar 2011,"2,964","-22,418","20,218",765,ADANIENT
Mar 2012,645,"-34,827","34,872",690,ADANIENT
Mar 2013,"7,666","-14,790","7,199",75,ADANIENT
Mar 2014,"8,228","-8,007","-1,109",-888,ADANIENT
Mar 2015,"8,532","-11,465","3,445",512,ADANIENT
Mar 2016,"5,112","-1,825","-3,448",-161,ADANIENT
Mar 2017,774,"-1,460",716,30,ADANIENT
Mar 2018,"2,942","-7,649","5,120",413,ADANIENT
Mar 2019,"3,236","2,487","-6,158",-436,ADANIENT
Mar 2020,"2,454","-1,082",-221,"1,151",ADANIENT
Mar 2021,"4,043","-8,611","3,109","-1,459",ADANIENT
Mar 2022,"1,385","-17,041","15,901",246,ADANIENT
Mar 2011,"1,209",-970,-528,-289,ADANIPORTS
Mar 2012,"1,200","-13,876","12,976",300,ADANIPORTS
Mar 2013,"1,379","-5,136","4,138",381,ADANIPORTS
Mar 2014,"1,132","-2,510",772,-606,ADANIPORTS
Mar 2015,"3,057","-2,485",-237,335,ADANIPORTS
Mar 2016,"2,381","-4,153","2,170",398,ADANIPORTS
Mar 2017,"4,063","-2,629","-1,325",109,ADANIPORTS
Mar 2018,"5,608","-3,846","-1,889",-127,ADANIPORTS
Mar 2019,"6,029","-4,368","2,313","3,975",ADANIPORTS
Mar 2020,"7,402",-749,"-4,256","2,397",ADANIPORTS
Mar 2021,"7,556","-14,064","3,514","-2,994",ADANIPORTS
Mar 2022,"9,800","-7,423","2,042","4,419",ADANIPORTS
Mar 2011,259,-441,47,-136,APOLLOHOSP
Mar 2012,387,-468,135,54,APOLLOHOSP
Mar 2013,443,-733,373,83,APOLLOHOSP
Mar 2014,373,-356,-63,-46,APOLLOHOSP
Mar 2015,470,-759,392,103,APOLLOHOSP
Mar 2016,597,-888,330,39,APOLLOHOSP
Mar 2017,623,"-1,152",477,-52,APOLLOHOSP
Mar 2018,537,-405,-108,24,APOLLOHOSP
Mar 2019,905,-711,-215,-20,APOLLOHOSP
Mar 2020,"1,293",-289,-910,94,APOLLOHOSP
Mar 2021,"1,265",-880,-340,44,APOLLOHOSP
Mar 2022,"1,628",-678,-793,158,APOLLOHOSP
Mar 2011,762,-439,-334,-11,ASIANPAINT
Mar 2012,710,-386,-327,-2,ASIANPAINT
Mar 2013,"1,187",-463,-601,123,ASIANPAINT
Mar 2014,"1,402",-586,-626,190,ASIANPAINT
Mar 2015,"1,188",-465,-576,147,ASIANPAINT
Mar 2016,"2,243",-866,-849,528,ASIANPAINT
Mar 2017,"1,527",-681,-756,90,ASIANPAINT
Mar 2018,"2,113","-1,556","-1,379",-822,ASIANPAINT
Mar 2019,"2,470",-918,"-1,117",434,ASIANPAINT
Mar 2020,"3,038",-518,"-2,871",-351,ASIANPAINT
Mar 2021,"3,683",-541,-650,"2,492",ASIANPAINT
Mar 2022,986,-317,"-1,808","-1,138",ASIANPAINT
Mar 2011,"11,328","-13,894","8,770","6,203",AXISBANK
Mar 2012,"-9,904","-4,840","7,270","-7,474",AXISBANK
Mar 2013,"2,573","-10,939","14,931","6,566",AXISBANK
Mar 2014,"14,464","-14,166","7,785","8,082",AXISBANK
Mar 2015,"-15,162","-7,972","31,045","7,910",AXISBANK
Mar 2016,"-34,495","9,211","22,495","-2,789",AXISBANK
Mar 2017,"32,209","-12,458","-2,487","17,263",AXISBANK
Mar 2018,"-38,390","-10,007","41,342","-7,055",AXISBANK
Mar 2019,"37,125","-18,674","5,643","24,094",AXISBANK
Mar 2020,"30,416","-9,485","8,865","29,795",AXISBANK
Mar 2021,"12,633","-54,288","7,279","-34,375",AXISBANK
Mar 2022,"28,137","-27,112","47,894","48,919",AXISBANK
Mar 2011,"1,639",-627,-871,141,BAJAJ-AUTO
Mar 2012,"3,246",-850,"-1,462",934,BAJAJ-AUTO
Mar 2013,"2,218","-1,394","-1,445",-621,BAJAJ-AUTO
Mar 2014,"3,502","-2,072","-1,496",-66,BAJAJ-AUTO
Mar 2015,"2,114",-380,"-1,644",90,BAJAJ-AUTO
Mar 2016,"3,690",-68,"-3,384",238,BAJAJ-AUTO
Mar 2017,"3,267","-3,610",-190,-532,BAJAJ-AUTO
Mar 2018,"4,328","-1,954","-1,885",488,BAJAJ-AUTO
Mar 2019,"2,487",-273,"-2,074",140,BAJAJ-AUTO
Mar 2020,"3,850","1,766","-6,247",-630,BAJAJ-AUTO
Mar 2021,"3,120","-2,869",-20,231,BAJAJ-AUTO
Mar 2022,"4,197",276,"-4,056",417,BAJAJ-AUTO
Mar 2015,"-7,064",-360,"6,867",-557,BAJFINANCE
Mar 2016,"-9,870",-687,"11,656","1,100",BAJFINANCE
Mar 2017,"-10,439","-3,047","12,513",-972,BAJFINANCE
Mar 2018,"-20,566","1,075","19,503",13,BAJFINANCE
Mar 2019,"-29,062","-5,379","34,449",9,BAJFINANCE
Mar 2020,"-24,412","-8,758","34,167",998,BAJFINANCE
Mar 2021,-807,-429,"1,741",505,BAJFINANCE
Mar 2022,"-37,029","6,347","32,240","1,558",BAJFINANCE
Mar 2011,239,"-3,011","3,289",518,BAJAJFINSV
Mar 2012,"-3,849",-887,"3,803",-933,BAJAJFINSV
Mar 2013,"-6,922","2,953","4,592",623,BAJAJFINSV
Mar 2014,"-9,807","3,764","6,521",478,BAJAJFINSV
Mar 2015,"-10,731","3,709","6,839",-183,BAJAJFINSV
Mar 2016,"-9,795",-886,"11,602",921,BAJAJFINSV
Mar 2017,"-10,922",151,"12,513","1,742",BAJAJFINSV
Mar 2018,"-19,580",-922,"19,590",-911,BAJAJFINSV
Mar 2019,"-27,076","-6,903","34,535",555,BAJAJFINSV
Mar 2020,"-23,369","-9,948","34,479","1,162",BAJAJFINSV
Mar 2021,"4,547","-3,684","1,687","2,551",BAJAJFINSV
Mar 2022,"-33,670","1,445","32,326",101,BAJAJFINSV
Mar 2011,"3,676",-453,-177,"3,047",BPCL
Mar 2012,"1,907","-2,276","-4,379","-4,748",BPCL
Mar 2013,"5,926","-3,604",-846,"1,476",BPCL
Mar 2014,"9,588","-6,881","-3,736","-1,029",BPCL
Mar 2015,"20,742","-10,536","-9,792",414,BPCL
Mar 2016,"11,119","-9,233","-1,332",555,BPCL
Mar 2017,"9,041","-15,274","4,804","-1,429",BPCL
Mar 2018,"11,068","-7,066","-4,218",-215,BPCL
Mar 2019,"10,157","-10,451",207,-87,BPCL
Mar 2020,"7,881","-11,135","3,583",329,BPCL
Mar 2021,"23,455","-2,474","-13,981","7,000",BPCL
Mar 2022,"20,336","-8,138","-17,672","-5,474",BPCL
Mar 2011,"18,851","-60,462","39,715","-1,895",BHARTIARTL
Mar 2012,"22,593","-18,380","-4,011",203,BHARTIARTL
Mar 2013,"22,608","-18,676","-4,566",-634,BHARTIARTL
Mar 2014,"26,233","-25,181","2,774","3,826",BHARTIARTL
Mar 2015,"28,059","-22,301","-9,672","-3,914",BHARTIARTL
Mar 2016,"27,942","-14,091","-11,946","1,905",BHARTIARTL
Mar 2017,"28,280","-30,680",-351,"-2,752",BHARTIARTL
Mar 2018,"29,854","-27,940","1,920","3,835",BHARTIARTL
Mar 2019,"20,070","-28,286","9,464","1,248",BHARTIARTL
Mar 2020,"18,129","-29,598","19,144","7,675",BHARTIARTL
Mar 2021,"48,205","-27,286","-24,910","-3,991",BHARTIARTL
Mar 2022,"55,017","-41,478","-15,203","-1,664",BHARTIARTL
Mar 2011,296,-118,-166,13,BRITANNIA
Mar 2012,246,-65,-168,13,BRITANNIA
Mar 2013,320,28,-378,-30,BRITANNIA
Mar 2014,671,-246,-357,68,BRITANNIA
Mar 2015,584,-450,-181,-47,BRITANNIA
Mar 2016,959,-705,-246,8,BRITANNIA
Mar 2017,441,-150,-295,-4,BRITANNIA
Mar 2018,"1,249",-957,-232,60,BRITANNIA
Mar 2019,"1,156",-852,-353,-49,BRITANNIA
Mar 2020,"1,485","-1,526",58,17,BRITANNIA
Mar 2021,"1,876",433,"-2,242",66,BRITANNIA
Mar 2022,"1,300",914,"-2,246",-32,BRITANNIA
Mar 2011,"1,025",-908,-83,34,CIPLA
Mar 2012,"1,713",-965,-753,-6,CIPLA
Mar 2013,"1,398","-2,063",718,53,CIPLA
Mar 2014,"1,563","-1,265",-266,33,CIPLA
Mar 2015,"1,173",-950,165,388,CIPLA
Mar 2016,"1,741","-4,533","3,104",312,CIPLA
Mar 2017,"2,382","-1,304","-1,326",-248,CIPLA
Mar 2018,"1,463",-834,-385,243,CIPLA
Mar 2019,"1,691","-1,688",-349,-345,CIPLA
Mar 2020,"3,068",114,"-2,949",234,CIPLA
Mar 2021,"3,755","-2,374","-1,240",141,CIPLA
Mar 2022,"3,326","-1,858","-1,600",-132,CIPLA
Mar 2011,"8,704","1,040","-3,017","6,728",COALINDIA
Mar 2012,"19,888","-10,410","-7,382","2,095",COALINDIA
Mar 2013,"9,109","-1,833","-7,852",-575,COALINDIA
Mar 2014,"14,525","8,580","-25,350","-2,246",COALINDIA
Mar 2015,"14,382",894,"-15,026",250,COALINDIA
Mar 2016,"13,154","8,154","-19,587","1,721",COALINDIA
Mar 2017,"16,461",455,"-17,598",-682,COALINDIA
Mar 2018,"21,115","-7,747","-13,564",-196,COALINDIA
Mar 2019,"16,356","-7,896","-10,885","-2,426",COALINDIA
Mar 2020,"4,977","1,033","-4,791","1,219",COALINDIA
Mar 2021,"10,592",182,"-8,453","2,321",COALINDIA
Mar 2022,"41,088","-26,481","-13,441","1,165",COALINDIA
Mar 2011,327,-221,-104,1,DIVISLAB
Mar 2012,338,-204,-131,3,DIVISLAB
Mar 2013,480,-255,-231,-5,DIVISLAB
Mar 2014,557,-305,-248,3,DIVISLAB
Mar 2015,826,-521,-303,3,DIVISLAB
Mar 2016,"1,038",-406,-631,0,DIVISLAB
Mar 2017,"1,150","-1,140",2,13,DIVISLAB
Mar 2018,776,-478,-314,-17,DIVISLAB
Mar 2019,954,-685,-246,23,DIVISLAB
Mar 2020,"1,216",-83,"-1,091",41,DIVISLAB
Mar 2021,"1,947",75,-35,"1,987",DIVISLAB
Mar 2022,"1,912","-2,195",-532,-816,DIVISLAB
Mar 2011,755,-885,44,-85,DRREDDY
Mar 2012,"1,613",-971,389,"1,031",DRREDDY
Mar 2013,"1,378","-1,437",-157,-216,DRREDDY
Mar 2014,"1,970","-1,604",-24,342,DRREDDY
Mar 2015,"2,524","-2,370",-433,-280,DRREDDY
Mar 2016,"3,263","-1,610","-1,700",-47,DRREDDY
Mar 2017,"2,144","-1,890",-369,-114,DRREDDY
Mar 2018,"1,803","-1,483",-444,-124,DRREDDY
Mar 2019,"2,870",-769,"-2,133",-31,DRREDDY
Mar 2020,"2,984",-495,"-2,516",-27,DRREDDY
Mar 2021,"3,570","-2,255",-30,"1,286",DRREDDY
Mar 2022,"2,811","-2,565",-242,3,DRREDDY
Dec 2010,336,-192,-69,75,EICHERMOT
Dec 2011,405,-338,-114,-47,EICHERMOT
Dec 2012,496,-773,-111,-388,EICHERMOT
Dec 2013,716,-790,-47,-121,EICHERMOT
Dec 2014,"1,047","-1,214",-162,-329,EICHERMOT
Mar 2016,"1,463","-1,001",-466,-4,EICHERMOT
Mar 2017,"1,708","-1,744",25,-10,EICHERMOT
Mar 2018,"2,482","-2,145",-262,75,EICHERMOT
Mar 2019,"1,575",-660,-292,623,EICHERMOT
Mar 2020,"1,694","-1,508",-858,-673,EICHERMOT
Mar 2021,"1,691","-1,625",-15,51,EICHERMOT
Mar 2022,"1,527",-983,-593,-50,EICHERMOT
Mar 2011,"3,546","-3,204",-295,48,GRASIM
Mar 2012,"4,350","-3,629",-679,42,GRASIM
Mar 2013,"4,242","-5,687","1,348",-97,GRASIM
Mar 2014,"3,549","-2,336","-1,046",168,GRASIM
Mar 2015,"4,594","-2,359","-2,278",-42,GRASIM
Mar 2016,"5,868","-4,515","-1,365",-11,GRASIM
Mar 2017,"7,288","-3,509","-3,799",-20,GRASIM
Mar 2018,"-4,140","1,546","3,449",856,GRASIM
Mar 2019,"-1,659","-2,212","4,158",287,GRASIM
Mar 2020,"16,620","-11,364","-3,418","1,838",GRASIM
Mar 2021,"15,075","-7,146","-8,003",-75,GRASIM
Mar 2022,"7,038","-1,053","-6,733",-748,GRASIM
Jun 2011,"1,796",-690,"-1,054",52,HCLTECH
Jun 2012,"2,418","-1,026","-1,239",153,HCLTECH
Jun 2013,"4,492","-2,361","-2,086",44,HCLTECH
Jun 2014,"6,457","-4,842","-1,308",307,HCLTECH
Jun 2015,"5,539","-2,088","-3,140",311,HCLTECH
Mar 2016,"3,823","-2,208","-2,237",-623,HCLTECH
Mar 2017,"8,995","-3,890","-4,517",588,HCLTECH
Mar 2018,"8,328","-2,236","-5,714",378,HCLTECH
Mar 2019,"8,971","-3,256","-1,471","4,244",HCLTECH
Mar 2020,"13,359","-12,332","-3,168","-2,141",HCLTECH
Mar 2021,"19,618","-5,665","-11,192","2,761",HCLTECH
Mar 2022,"16,900","1,597","-14,508","3,989",HCLTECH
Mar 2011,-960,-553,"1,274",-240,HDFCBANK
Mar 2012,"-19,381",-662,"11,380","-8,663",HDFCBANK
Mar 2013,"-5,847",-902,"13,105","6,356",HDFCBANK
Mar 2014,"4,211","-1,099","9,270","12,382",HDFCBANK
Mar 2015,"-21,281",-800,"18,694","-3,387",HDFCBANK
Mar 2016,"-34,435",-837,"37,815","2,542",HDFCBANK
Mar 2017,"17,282","-1,146","-5,893","10,242",HDFCBANK
Mar 2018,"17,214",-842,"57,378","73,750",HDFCBANK
Mar 2019,"-62,872","-1,503","23,131","-41,244",HDFCBANK
Mar 2020,"-16,869","-1,403","24,394","6,122",HDFCBANK
Mar 2021,"42,476","-1,823","-7,321","33,332",HDFCBANK
Mar 2022,"-11,960","-2,051","48,124","34,113",HDFCBANK
Mar 2013,,,,,HDFCLIFE
Mar 2014,,,,,HDFCLIFE
Mar 2015,"4,459","-3,514",-168,777,HDFCLIFE
Mar 2016,"5,687","-3,962",-212,"1,513",HDFCLIFE
Mar 2017,"6,230","-5,177",-236,817,HDFCLIFE
Mar 2018,"6,739","-4,421",-196,"2,122",HDFCLIFE
Mar 2019,"9,868","-10,182",-337,-651,HDFCLIFE
Mar 2020,"7,388","-7,789",38,-364,HDFCLIFE
Mar 2021,"9,703","-8,952",678,"1,429",HDFCLIFE
Mar 2022,"5,943","-1,580",-238,"4,125",HDFCLIFE
Mar 2014,"2,963","-1,616","-1,414",-66,HEROMOTOCO
Mar 2015,"2,186",31,"-2,131",86,HEROMOTOCO
Mar 2016,"3,722","-2,300","-1,475",-53,HEROMOTOCO
Mar 2017,"4,007","-1,972","-2,036",-1,HEROMOTOCO
Mar 2018,"4,017","-1,858","-2,102",57,HEROMOTOCO
Mar 2019,"1,032","1,298","-2,252",78,HEROMOTOCO
Mar 2020,"5,518","-2,819","-2,602",97,HEROMOTOCO
Mar 2021,"4,110","-2,289","-1,852",-31,HEROMOTOCO
Mar 2022,"2,104",-222,"-1,975",-94,HEROMOTOCO
Mar 2011,"6,226","-7,050",825,2,HINDALCO
Mar 2012,"7,547","-13,220","6,237",564,HINDALCO
Mar 2013,"2,977","-13,801","10,278",-545,HINDALCO
Mar 2014,"7,956","-8,095","1,493","1,353",HINDALCO
Mar 2015,"7,143","-3,873","-2,437",833,HINDALCO
Mar 2016,"11,688","-3,220","-8,862",-394,HINDALCO
Mar 2017,"12,687","-2,876","-5,552","4,259",HINDALCO
Mar 2018,"10,898","5,333","-16,412",-181,HINDALCO
Mar 2019,"11,977","-5,456","-5,466","1,055",HINDALCO
Mar 2020,"12,745","-7,227","6,656","12,174",HINDALCO
Mar 2021,"17,232","-25,280","-4,882","-12,930",HINDALCO
Mar 2022,"16,838","-6,773","-6,765","3,300",HINDALCO
Mar 2011,"1,924",-327,"-2,283",-687,HINDUNILVR
Mar 2012,"2,932",-514,"-1,726",692,HINDUNILVR
Mar 2013,"3,605",63,"-4,147",-480,HINDUNILVR
Mar 2014,"3,818",-475,"-2,960",383,HINDUNILVR
Mar 2015,"3,292",138,"-3,462",-33,HINDUNILVR
Mar 2016,"4,171",-282,"-3,864",25,HINDUNILVR
Mar 2017,"5,185","-1,173","-4,214",-202,HINDUNILVR
Mar 2018,"6,059","-1,063","-4,975",21,HINDUNILVR
Mar 2019,"5,800",-438,"-5,390",-28,HINDUNILVR
Mar 2020,"7,623","1,791","-6,819","2,595",HINDUNILVR
Mar 2021,"9,163","-1,228","-9,309","-1,374",HINDUNILVR
Mar 2022,"9,048","-1,728","-8,015",-695,HINDUNILVR
Mar 2011,"-11,402","-7,857","19,801",542,HDFC
Mar 2012,"-17,534","-6,275","23,194",-615,HDFC
Mar 2013,"-11,969","-10,212","23,174",992,HDFC
Mar 2014,"-10,735","-12,983","25,719","2,000",HDFC
Mar 2015,"-9,118","-18,552","24,820","-2,850",HDFC
Mar 2016,"-19,710","-9,309","29,111",92,HDFC
Mar 2017,"-14,173","-27,236","43,127","1,718",HDFC
Mar 2018,"-57,928","-7,954","63,344","-2,538",HDFC
Mar 2019,"-44,301","-10,316","54,986",369,HDFC
Mar 2020,"-26,801","-9,874","38,690","2,015",HDFC
Mar 2021,"-27,276","-6,958","31,665","-2,570",HDFC
Mar 2022,"-44,028","-19,887","63,541",-374,HDFC
Mar 2011,"-3,638","-4,778",657,"-7,759",ICICIBANK
Mar 2012,"-6,405","-21,263","29,439","1,771",ICICIBANK
Mar 2013,"17,494","-18,563","9,283","8,215",ICICIBANK
Mar 2014,"6,765","-15,750","7,872","-1,113",ICICIBANK
Mar 2015,"-12,273","-13,175","24,827",-621,ICICIBANK
Mar 2016,"23,645","-12,060","5,814","17,399",ICICIBANK
Mar 2017,"52,636","-1,711","-35,470","15,455",ICICIBANK
Mar 2018,"19,383","-50,551","39,676","8,508",ICICIBANK
Mar 2019,"48,671","-30,282","-19,997","-1,608",ICICIBANK
Mar 2020,"79,565","-42,095","2,992","40,462",ICICIBANK
Mar 2021,"138,015","-63,631","-54,667","19,718",ICICIBANK
Mar 2022,"58,111","-40,007","17,451","35,555",ICICIBANK
Mar 2011,"5,509",-871,"-3,580","1,058",ITC
Mar 2012,"6,256","-2,694","-3,305",257,ITC
Mar 2013,"7,102","-3,881","-3,310",-90,ITC
Mar 2014,"7,344","-3,254","-4,122",-32,ITC
Mar 2015,"9,843","-5,275","-4,661",-93,ITC
Mar 2016,"9,799","-3,921","-5,613",266,ITC
Mar 2017,"10,627","-3,251","-7,301",75,ITC
Mar 2018,"13,169","-7,114","-6,221",-166,ITC
Mar 2019,"12,583","-5,546","-6,869",169,ITC
Mar 2020,"14,690","-6,174","-8,181",334,ITC
Mar 2021,"12,527","5,740","-18,634",-367,ITC
Mar 2022,"15,776","-2,238","-13,580",-43,ITC
Mar 2011,609,-21,834,"1,421",INDUSINDBK
Mar 2012,-840,-141,"2,496","1,515",INDUSINDBK
Mar 2013,-486,-174,"1,969","1,309",INDUSINDBK
Mar 2014,"-4,106",-174,"4,200",-79,INDUSINDBK
Mar 2015,"-1,421",-276,"5,707","4,010",INDUSINDBK
Mar 2016,"-2,927",-258,"2,517",-667,INDUSINDBK
Mar 2017,"11,569",-285,"-2,768","8,516",INDUSINDBK
Mar 2018,"-20,700",-217,"15,505","-5,412",INDUSINDBK
Mar 2019,"-6,389",-633,"8,590","1,568",INDUSINDBK
Mar 2020,"-12,039",526,"12,733","1,220",INDUSINDBK
Mar 2021,"44,646",-226,"-4,096","40,324",INDUSINDBK
Mar 2022,"16,600",-351,"-4,302","11,947",INDUSINDBK
Mar 2011,"4,752","3,443","-3,640","4,555",INFY
Mar 2012,"6,394",-147,"-2,322","3,925",INFY
Mar 2013,"7,373","-2,922","-3,210","1,241",INFY
Mar 2014,"9,825","-2,563","-3,144","4,118",INFY
Mar 2015,"8,353",999,"-4,935","4,417",INFY
Mar 2016,"10,028",-885,"-6,813","2,330",INFY
Mar 2017,"11,531","-14,664","-6,939","-10,072",INFY
Mar 2018,"13,218","4,533","-20,505","-2,754",INFY
Mar 2019,"14,841",-632,"-14,512",-303,INFY
Mar 2020,"17,003",-331,"-17,591",-919,INFY
Mar 2021,"23,224","-7,373","-9,786","6,065",INFY
Mar 2022,"23,885","-6,485","-24,642","-7,242",INFY
Mar 2011,"2,830","-7,633","5,096",293,JSWSTEEL
Mar 2012,"3,512","-4,101",698,110,JSWSTEEL
Mar 2013,"5,844","-5,433",-791,-380,JSWSTEEL
Mar 2014,"2,594","-5,618","3,300",276,JSWSTEEL
Mar 2015,"7,876","-7,372",-169,334,JSWSTEEL
Mar 2016,"6,897","-3,857","-3,151",-111,JSWSTEEL
Mar 2017,"7,888","-5,094","-2,710",84,JSWSTEEL
Mar 2018,"12,379","-4,529","-8,185",-335,JSWSTEEL
Mar 2019,"14,633","-11,387","1,753","4,999",JSWSTEEL
Mar 2020,"12,785","-19,589","5,189","-1,615",JSWSTEEL
Mar 2021,"18,831","-9,410","-1,444","7,977",JSWSTEEL
Mar 2022,"26,270","-14,748","-14,657","-3,135",JSWSTEEL
Mar 2011,"-1,739",-189,"2,415",487,KOTAKBANK
Mar 2012,"-1,192","-5,456","7,229",582,KOTAKBANK
Mar 2013,"2,878","-9,035","7,099",942,KOTAKBANK
Mar 2014,"9,068","-1,130","-5,814","2,125",KOTAKBANK
Mar 2015,"2,302","-4,467","2,426",260,KOTAKBANK
Mar 2016,"5,025","-2,353","2,024","4,696",KOTAKBANK
Mar 2017,"13,222","-5,289","6,055","13,989",KOTAKBANK
Mar 2018,"-10,392","-5,475","14,679","-1,188",KOTAKBANK
Mar 2019,"1,822","-3,323","8,365","6,864",KOTAKBANK
Mar 2020,"46,619","-13,068",-735,"32,815",KOTAKBANK
Mar 2021,"4,881","-11,172","-10,072","-16,363",KOTAKBANK
Mar 2022,"8,418","-11,018","7,549","4,949",KOTAKBANK
Mar 2011,"-1,616","-5,929","7,868",324,LT
Mar 2012,"-6,227","-5,864","11,968",-123,LT
Mar 2013,"-4,355","-6,922","11,429",152,LT
Mar 2014,"-7,143","-5,510","13,136",483,LT
Mar 2015,"-1,365","-4,778","7,903","1,759",LT
Mar 2016,"-3,240","-4,627","7,253",-613,LT
Mar 2017,"6,655","-9,796","2,896",-245,LT
Mar 2018,"-10,031","3,914","9,370","3,254",LT
Mar 2019,"-4,756","-11,023","15,440",-338,LT
Mar 2020,"6,694","-8,408","6,372","4,658",LT
Mar 2021,"23,074","-5,750","-15,274","2,049",LT
Mar 2022,"19,164","-3,585","-15,181",397,LT
Mar 2011,-577,"-1,388","1,437",-528,M&M
Mar 2012,61,"-2,968","4,256","1,349",M&M
Mar 2013,-922,"-2,903","4,508",684,M&M
Mar 2014,-244,"-4,524","5,577",810,M&M
Mar 2015,"1,055","-4,357","1,669","-1,633",M&M
Mar 2016,"2,385","-5,506","2,967",-154,M&M
Mar 2017,183,"-5,875","6,108",416,M&M
Mar 2018,682,"-5,467","6,314","1,529",M&M
Mar 2019,"-4,347","-7,174","13,194","1,672",M&M
Mar 2020,"-1,457","-6,870","6,933","-1,394",M&M
Mar 2021,"17,909","-19,686",406,"-1,370",M&M
Mar 2022,"9,248","-3,252","-5,883",113,M&M
Mar 2011,"3,071",-10,-691,"2,369",MARUTI
Mar 2012,"2,655","-3,181",610,84,MARUTI
Mar 2013,"4,059","-3,119",-979,-39,MARUTI
Mar 2014,"4,995","-4,997",-74,-76,MARUTI
Mar 2015,"6,449","-4,491","-2,004",-45,MARUTI
Mar 2016,"8,482","-7,230","-1,237",16,MARUTI
Mar 2017,"10,282","-9,173","-1,129",-20,MARUTI
Mar 2018,"11,788","-8,302","-3,436",50,MARUTI
Mar 2019,"6,601","-3,540","-2,948",113,MARUTI
Mar 2020,"3,496",-557,"-3,104",-165,MARUTI
Mar 2021,"8,856","-7,291","-1,545",20,MARUTI
Mar 2022,"1,840",-239,"-1,607",-6,MARUTI
Mar 2011,"12,068","-9,372",-889,"1,807",NTPC
Mar 2012,"11,397","-9,583","-1,583",231,NTPC
Mar 2013,"16,508","-16,845",988,651,NTPC
Mar 2014,"16,531","-15,509","-2,709","-1,687",NTPC
Mar 2015,"14,889","-15,977","-1,474","-2,563",NTPC
Mar 2016,"24,125","-19,162","-3,899","1,064",NTPC
Mar 2017,"20,167","-24,480","3,138","-1,176",NTPC
Mar 2018,"19,670","-20,678","1,028",19,NTPC
Mar 2019,"18,686","-24,063","4,927",-451,NTPC
Mar 2020,"23,890","-29,628","6,004",266,NTPC
Mar 2021,"32,444","-21,034","-11,049",360,NTPC
Mar 2022,"41,788","-22,838","-19,172",-222,NTPC
Dec 2010,"1,037",-446,-544,47,NESTLEIND
Dec 2011,"1,158","-1,528",323,-47,NESTLEIND
Dec 2012,"1,693",-941,-513,239,NESTLEIND
Dec 2013,"1,796",-441,-580,775,NESTLEIND
Dec 2014,"1,644",-432,"-1,635",-423,NESTLEIND
Dec 2015,"1,098",-70,-498,529,NESTLEIND
Dec 2016,"1,466",-126,-666,674,NESTLEIND
Dec 2017,"1,818",-131,-997,691,NESTLEIND
Dec 2018,"2,052",-52,"-1,317",683,NESTLEIND
Dec 2019,"2,295",83,"-3,602","-1,223",NESTLEIND
Dec 2020,"2,454",-321,"-1,956",177,NESTLEIND
Dec 2021,"2,271","-1,957","-2,019","-1,704",NESTLEIND
Mar 2011,"49,085","-32,120","-11,670","5,295",ONGC
Mar 2012,"46,129","-38,375",102,"7,856",ONGC
Mar 2013,"39,874","-41,220","-6,927","-8,273",ONGC
Mar 2014,"53,270","-63,633","15,225","4,862",ONGC
Mar 2015,"33,950","-30,058","-10,641","-6,749",ONGC
Mar 2016,"46,292","-38,256","-8,972",-935,ONGC
Mar 2017,"45,780","-43,815","-1,867",99,ONGC
Mar 2018,"56,792","-66,798","9,909",-97,ONGC
Mar 2019,"61,458","-37,132","-23,324","1,001",ONGC
Mar 2020,"70,593","-53,159","-16,726",708,ONGC
Mar 2021,"47,185","-39,141","-8,239",-195,ONGC
Mar 2022,"78,000","-40,345","-35,979","1,676",ONGC
Mar 2011,"4,895","-13,344","7,948",-501,POWERGRID
Mar 2012,"8,582","-18,495","8,218","-1,695",POWERGRID
Mar 2013,"11,690","-22,084","9,962",-432,POWERGRID
Mar 2014,"15,223","-26,639","13,712","2,295",POWERGRID
Mar 2015,"15,800","-24,185","6,399","-1,986",POWERGRID
Mar 2016,"15,008","-21,576","5,621",-948,POWERGRID
Mar 2017,"21,575","-23,836","3,959","1,698",POWERGRID
Mar 2018,"22,710","-25,701","1,285","-1,707",POWERGRID
Mar 2019,"23,271","-18,727","-2,431","2,113",POWERGRID
Mar 2020,"30,739","-10,733","-18,806","1,199",POWERGRID
Mar 2021,"29,403","-9,244","-20,521",-362,POWERGRID
Mar 2022,"26,124",753,"-28,967","-2,091",POWERGRID
Mar 2011,"33,338","-32,040","14,950","16,248",RELIANCE
Mar 2012,"24,483","-6,301","-7,590","10,592",RELIANCE
Mar 2013,"36,918","-27,601",408,"9,725",RELIANCE
Mar 2014,"43,261","-73,070","13,713","-16,096",RELIANCE
Mar 2015,"34,374","-64,706","8,444","-21,888",RELIANCE
Mar 2016,"38,134","-36,186","-3,210","-1,262",RELIANCE
Mar 2017,"49,550","-66,201","8,617","-8,034",RELIANCE
Mar 2018,"71,459","-68,192","-2,001","1,266",RELIANCE
Mar 2019,"42,346","-94,507","55,906","3,745",RELIANCE
Mar 2020,"94,877","-72,497","-2,541","19,839",RELIANCE
Mar 2021,"26,958","-142,385","101,904","-13,523",RELIANCE
Mar 2022,"110,654","-109,162","17,289","18,781",RELIANCE
Mar 2011,"8,606","-8,125",0,481,SBILIFE
Mar 2012,"6,468","-4,968",0,"1,500",SBILIFE
Mar 2013,"1,130",-227,-58,845,SBILIFE
Mar 2014,166,-708,-58,-600,SBILIFE
Mar 2015,"2,711",-178,-117,"2,416",SBILIFE
Mar 2016,"5,778","-7,204",-144,"-1,570",SBILIFE
Mar 2017,"8,525","-9,032",-144,-651,SBILIFE
Mar 2018,"10,395","-8,910",-221,"1,264",SBILIFE
Mar 2019,"13,473","-13,552",-241,-321,SBILIFE
Mar 2020,"19,299","-16,986",-198,"2,114",SBILIFE
Mar 2021,"23,878","-19,203",3,"4,677",SBILIFE
Mar 2022,"21,852","-21,611",-231,10,SBILIFE
Mar 2011,"43,900","-1,678","1,252","43,474",SBIN
Mar 2012,"-30,114",169,"2,209","-27,737",SBIN
Mar 2013,"24,332","-2,271","-4,424","17,637",SBIN
Mar 2014,"19,142",-791,"3,583","21,934",SBIN
Mar 2015,"26,297","-3,424","-1,553","21,320",SBIN
Mar 2016,"14,477","-2,747","4,348","16,078",SBIN
Mar 2017,"77,406","-4,572","-4,196","68,638",SBIN
Mar 2018,"-96,508","13,053","5,547","-77,908",SBIN
Mar 2019,"29,556",220,448,"30,223",SBIN
Mar 2020,"23,929",-555,"5,430","28,803",SBIN
Mar 2021,"89,919","-3,670","7,143","93,392",SBIN
Mar 2022,"57,695","-2,652","-3,845","51,198",SBIN
Mar 2011,"2,281","-1,300",-804,177,SUNPHARMA
Mar 2012,"2,234",-748,-544,942,SUNPHARMA
Mar 2013,"3,357","-2,375",-665,316,SUNPHARMA
Mar 2014,"3,959","-2,176",507,"2,290",SUNPHARMA
Mar 2015,"5,616","-1,502","-1,187","2,927",SUNPHARMA
Mar 2016,"6,686","-3,949","-1,889",848,SUNPHARMA
Mar 2017,"7,082","-4,186","-2,285",611,SUNPHARMA
Mar 2018,"3,907","-3,104","-1,539",-736,SUNPHARMA
Mar 2019,"2,196",-310,"-2,731",-844,SUNPHARMA
Mar 2020,"6,555","-2,225","-5,715","-1,386",SUNPHARMA
Mar 2021,"6,170",407,"-5,980",596,SUNPHARMA
Mar 2022,"8,985","-5,556","-5,193","-1,765",SUNPHARMA
Mar 2011,"6,614","-1,431","-4,659",524,TCS
Mar 2012,"7,127","-2,727","-3,955",445,TCS
Mar 2013,"11,615","-6,038","-5,729",-152,TCS
Mar 2014,"14,751","-9,452","-5,673",-374,TCS
Mar 2015,"19,369","-1,807","-17,168",394,TCS
Mar 2016,"19,109","-5,010","-9,666","4,433",TCS
Mar 2017,"25,223","-16,895","-11,026","-2,698",TCS
Mar 2018,"25,067","3,104","-26,885","1,286",TCS
Mar 2019,"28,593","1,645","-27,897","2,341",TCS
Mar 2020,"32,369","8,968","-39,915","1,422",TCS
Mar 2021,"38,802","-7,956","-32,634","-1,788",TCS
Mar 2022,"39,949",-738,"-33,581","5,630",TCS
Mar 2011,54,111,"-1,072",-907,TATACONSUM
Mar 2012,279,156,-438,-3,TATACONSUM
Mar 2013,173,24,186,383,TATACONSUM
Mar 2014,422,-1,-363,57,TATACONSUM
Mar 2015,418,-207,-392,-182,TATACONSUM
Mar 2016,116,145,-282,-21,TATACONSUM
Mar 2017,741,145,-816,70,TATACONSUM
Mar 2018,356,-31,-30,294,TATACONSUM
Mar 2019,210,53,-224,39,TATACONSUM
Mar 2020,"1,082",-622,-308,152,TATACONSUM
Mar 2021,"1,656",-346,-426,884,TATACONSUM
Mar 2022,"1,516","-1,317",-995,-796,TATACONSUM
Mar 2011,"11,240","-7,023","-1,401","2,815",TATAMOTORS
Mar 2012,"18,384","-19,464","6,567","5,488",TATAMOTORS
Mar 2013,"22,163","-22,969","-1,692","-2,499",TATAMOTORS
Mar 2014,"36,151","-27,991","-3,883","4,277",TATAMOTORS
Mar 2015,"35,531","-36,232","5,201","4,500",TATAMOTORS
Mar 2016,"37,900","-36,694","-3,795","-2,589",TATAMOTORS
Mar 2017,"30,199","-39,571","6,205","-3,167",TATAMOTORS
Mar 2018,"23,857","-25,139","2,012",730,TATAMOTORS
Mar 2019,"18,891","-20,878","8,830","6,843",TATAMOTORS
Mar 2020,"26,633","-33,115","3,390","-3,092",TATAMOTORS
Mar 2021,"29,001","-25,672","9,904","13,232",TATAMOTORS
Mar 2022,"14,283","-4,444","-3,380","6,459",TATAMOTORS
Mar 2011,"5,655","-7,584","5,973","4,045",TATASTEEL
Mar 2012,"12,018","-3,705","-8,462",-149,TATASTEEL
Mar 2013,"14,035","-13,099","-1,780",-844,TATASTEEL
Mar 2014,"13,146","-15,378","1,015","-1,218",TATASTEEL
Mar 2015,"11,880","-9,021","-2,617",241,TATASTEEL
Mar 2016,"11,455","-8,794","-4,729","-2,068",TATASTEEL
Mar 2017,"10,824","-9,490","-2,579","-1,245",TATASTEEL
Mar 2018,"8,023","-11,730","6,640","2,933",TATASTEEL
Mar 2019,"25,336","-29,176",-673,"-4,513",TATASTEEL
Mar 2020,"20,169","-14,012","-1,695","4,462",TATASTEEL
Mar 2021,"44,327","-9,437","-37,090","-2,200",TATASTEEL
Mar 2022,"44,381","-10,905","-23,401","10,075",TATASTEEL
Mar 2011,464,-133,-287,44,TECHM
Mar 2012,712,-420,-317,-26,TECHM
Mar 2013,855,-622,65,298,TECHM
Mar 2014,"1,596",291,-972,915,TECHM
Mar 2015,"2,448","-1,865",-829,-246,TECHM
Mar 2016,"3,137","-1,453",-496,"1,188",TECHM
Mar 2017,"4,071","-2,893","-1,571",-392,TECHM
Mar 2018,"3,554","-3,319",-269,-35,TECHM
Mar 2019,"4,432","-2,104","-2,251",77,TECHM
Mar 2020,"4,358","1,081","-4,466",974,TECHM
Mar 2021,"8,094","-5,433","-2,987",-326,TECHM
Mar 2022,"5,285",480,"-4,667","1,098",TECHM
Mar 2011,"1,053",-25,-117,912,TITAN
Mar 2012,163,-70,-235,-142,TITAN
Mar 2013,553,-142,-236,176,TITAN
Mar 2014,-555,-271,497,-329,TITAN
Mar 2015,503,-118,"-1,005",-620,TITAN
Mar 2016,576,-159,-505,-88,TITAN
Mar 2017,"1,712",-953,-166,594,TITAN
Mar 2018,-51,98,-252,-206,TITAN
Mar 2019,"1,243",-797,-489,-43,TITAN
Mar 2020,-348,235,-242,-355,TITAN
Mar 2021,"4,139","-2,799","-1,234",106,TITAN
Mar 2022,-724,"1,165",-403,38,TITAN
Mar 2011,815,-895,-17,-97,UPL
Mar 2012,162,-680,-178,-696,UPL
Mar 2013,"1,699",-765,-72,862,UPL
Mar 2014,"1,441",-427,"-1,680",-667,UPL
Mar 2015,"1,409",-463,-991,-45,UPL
Mar 2016,"1,396","-1,734",469,131,UPL
Mar 2017,"2,585","-1,022",140,"1,703",UPL
Mar 2018,"2,839","-2,059",-801,-21,UPL
Mar 2019,"2,356","-31,282","28,893",-33,UPL
Mar 2020,"8,739","-2,666","-2,175","3,898",UPL
Mar 2021,"7,212","-2,426","-6,713","-1,927",UPL
Mar 2022,"6,496","-3,575","-1,921","1,000",UPL
Mar 2011,"1,993","-2,168",253,79,ULTRACEMCO
Mar 2012,"3,427","-3,050",-353,24,ULTRACEMCO
Mar 2013,"3,618","-4,362",715,-30,ULTRACEMCO
Mar 2014,"3,455","-2,342",-949,164,ULTRACEMCO
Mar 2015,"4,190","-2,144","-2,110",-63,ULTRACEMCO
Mar 2016,"4,526","-3,673",-844,8,ULTRACEMCO
Mar 2017,"5,005","-2,501","-2,535",-31,ULTRACEMCO
Mar 2018,"3,888","1,866","-5,735",18,ULTRACEMCO
Mar 2019,"5,956","1,165","-6,757",364,ULTRACEMCO
Mar 2020,"8,972","-4,192","-5,076",-295,ULTRACEMCO
Mar 2021,"12,500","-8,856","-4,356",-712,ULTRACEMCO
Mar 2022,"9,283","2,257","-12,498",-958,ULTRACEMCO
Mar 2011,"4,044","-1,672","-2,746",-374,WIPRO
Mar 2012,"4,009",-638,"-1,719","1,652",WIPRO
Mar 2013,"6,394","-4,536","-1,140",717,WIPRO
Mar 2014,"6,790",-284,"-3,570","2,936",WIPRO
Mar 2015,"7,840","-2,537",-830,"4,474",WIPRO
Mar 2016,"7,887","-13,761",-159,"-6,032",WIPRO
Mar 2017,"9,277","-11,770","-2,275","-4,767",WIPRO
Mar 2018,"8,423","3,595","-12,998",-979,WIPRO
Mar 2019,"11,632","5,065","-4,937","11,760",WIPRO
Mar 2020,"10,064","3,593","-15,100","-1,442",WIPRO
Mar 2021,"14,755",685,"-12,884","2,556",WIPRO
Mar 2022,"11,080","-22,321","4,659","-6,583",WIPRO